{
  "project_info": {
    "project_number": "420156631478",
    "project_id": "fraud-eye-6",
    "storage_bucket": "fraud-eye-6.firebasestorage.app"
  },
  "client": [
    {
      "client_info": {
        "mobilesdk_app_id": "1:420156631478:android:45316fb2c8d96d07bf3917",
        "android_client_info": {
          "package_name": "com.example.hack_nu_thon_6"
        }
      },
      "oauth_client": [],
      "api_key": [
        {
          "current_key": "AIzaSyDiUElKbtwjwWQvZZfCdvFUbg8UiOU3ZuA"
        }
      ],
      "services": {
        "appinvite_service": {
          "other_platform_oauth_client": []
        }
      }
    }
  ],
  "configuration_version": "1"
}